2021 USD/year,passenger,freight
LDVs,2591,2136
HDVs,7125,5637
aircraft,0,0
rail,0,0
ships,2362.3524,2362.3524
motorbikes,114.08736,114.08736
